站点ID,线路名,站名,可换乘站点ID
1,18号线,上海财经大学,
2,18号线,复旦大学,
3,18号线,国权路,5
4,10号线,同济大学,
5,10号线,国权路,3
6,10号线,交通大学,9
7,10号线,虹桥火车站,12
8,10号线,虹桥2号航站楼,13
9,11号线,交通大学,6
10,11号线,迪士尼,
11,1号线,人民广场,14/17
12,2号线,虹桥火车站,7
13,2号线,虹桥2号航站楼,8
14,2号线,人民广场,11/17
15,2号线,浦东国际机场,
16,8号线,东方体育中心,
17,8号线,人民广场,11/14
18,8号线,虹口足球场,
